text,label,language,source
ሎሚ ተሓጒሰ ብሓፈሻ ቀሊል ዕለት,0,ti,tigrinya_curated
ዛሬ ሳቅሁ ደስ ብሎኝ ወደፊት ተስፋ አለኝ,0,am,amharic_curated
ይህ ሕይወት ከቶ ፋይዳ ያለው አይደለም ሊቆም ይፈልጋል,1,am,amharic_curated
ወዳጅ ቤቴ ሊጠይቁኝ መጡ ደስ ብሎኝ,0,am,amharic_curated
ጓደኞቼ ወደዱኝ እኔም ወደዳቸው,0,am,amharic_curated
ሓዘን ጥራሕ ተሪፉኒ ሕጉስ ኮይነ ኣይፈልጥን,1,ti,tigrinya_curated
ሰው አጣሁ ብቻዬን ሆኜ ምን ላድርግ,1,am,amharic_curated
lubbu hin barbaadu du uun natti wayya,1,om,oromo_curated
ትዝ ሚሉኝ ሰው የለም ብቻዬን ነኝ,1,am,amharic_curated
jabinaan hojjedhe milkaa a dhufe,0,om,oromo_curated
ካብዚ ዓለም ምስ እጠፍእ ዝሓሸ,1,ti,tigrinya_curated
life is over ህይወቴ ጠፋ I cannot continue,1,mixed,mixed_curated
ሓዳሰይ ደስ ዘብሉ ዛዕባ ምርካብ,0,ti,tigrinya_curated
Had a peaceful evening at home,0,en,english_curated
ልቤ ዝም ሆነ ምን ማሰብ ስለሚፈልጉ,1,am,amharic_curated
namni na jaallatu hin jiru kophaa dha,1,om,oromo_curated
ዕዮ ናይ ሎሚ ጽቡቕ ነበረ,0,ti,tigrinya_curated
I passed my driving test so happy today,0,en,english_curated
ሞት ይሓይሽ ካብ ምንባር,1,ti,tigrinya_curated
ሕጉስ ኢየ ምኽንያቱ ፈተናይ ሓሊፈ,0,ti,tigrinya_curated
ካብ ዓለም ክጠፍእ እደሊ,1,ti,tigrinya_curated
Nothing matters anymore I want to disappear,1,en,english_curated
ስቓይ ብዙሕ ዕዳ ክሸፍኖ ኣይክእልን,1,ti,tigrinya_curated
ብሞት ይሻለኛል ስቃዬ ይቆማል,1,am,amharic_curated
ጤናዬ ሲሻሻል ብዙ ደስ ይለኛል,0,am,amharic_curated
I am so alone no one would even notice if I was gone,1,en,english_curated
har a yeroon koo nagaa dha fayyaalessa ta e,0,om,oromo_curated
ዛሬ ደስ ያለ ቀን ነበር ነገ ደግሞ ጥሩ ቀን ይሆናል,0,am,amharic_curated
ሕይወቴ ምንም ትርጉም የለውም ለምን እኖራለሁ,1,am,amharic_curated
yeroo hunda boo ee jira kophaa,1,om,oromo_curated
ሕይወቴ ፋይዳ የለውም ለምን እዚህ ምድር አለሁ,1,am,amharic_curated
ጤናዬ ደህና ነው ምግቤ ጥሩ ነበር,0,am,amharic_curated
I have been thinking about ending my life,1,en,english_curated
ብሕቱ ኣለኹ ሰብ ዝጽናናዓኒ ኣይህሉን,1,ti,tigrinya_curated
gareen keenya walitti dhiyaanne waliif jirra,0,om,oromo_curated
I have no reason to keep going,1,en,english_curated
ሁሌ ምን ሠቃዬ ምንም ያደርጋሉ,1,am,amharic_curated
namni tokkollee na hin beeku kophaa jira,1,om,oromo_curated
Today was a good day I spent time with family,0,en,english_curated
Today I helped someone and it felt meaningful,0,en,english_curated
I hate myself and I deserve to die,1,en,english_curated
I cannot see any future for myself,1,en,english_curated
har a nyaata gaarii nyaadhe boqonnaa gaarii fuudhe,0,om,oromo_curated
ብቻዬን ነኝ ማንም ሊያቀፍ የሚፈልግ የለም,1,am,amharic_curated
Spent the evening reading a book feeling calm,0,en,english_curated
ሸክሙ ብዙ ሆነ ወዴት ብሄድ ስቃዩ ይቀራል,1,am,amharic_curated
nama hin qabne kophaa jireenya keessatti gariidha,1,om,oromo_curated
Excited about my new job starting next week,0,en,english_curated
excited new chapter life is looking better,0,mixed,mixed_curated
ህይወተይ ዓዊሉ ምንም ትርጉም ዘይብሉ,1,ti,tigrinya_curated
ምንም አስተዋፆ የለኝም ለዓለም ጠቅሜ አያቅምም,1,am,amharic_curated
fagaadhe darbee bu'e hin jaalladu,1,om,oromo_curated
ወዳጆቼ ደስ ብሎን ተዝናናን,0,am,amharic_curated
ምንም ሊቆምልኝ ሰው የለም ፋይዳ የለኝም,1,am,amharic_curated
I feel happy and hopeful about my future,0,en,english_curated
ሞት ምስ ዝመጽእ ደስ ምበለኒ,1,ti,tigrinya_curated
ዕለት ዕለት ቀናት ሁሉ ሀዘን ነው,1,am,amharic_curated
ብቁ አይደለሁም ማንም ሊወደኝ አይፈልግም,1,am,amharic_curated
du uun wayya life is pointless I give up,1,mixed,mixed_curated
addunyaan kana didan gaariidha,1,om,oromo_curated
ምንም ሰው አይወደኝም ማንም አያስፈልገውም,1,am,amharic_curated
I finished a difficult project at work feeling proud,0,en,english_curated
ደስታ አጣሁ ደስታ ምን ትርጉም ነው,1,am,amharic_curated
baruumsa kiyya xumure gammachuun jira,0,om,oromo_curated
ሁሉ ነገር ጨለማ ሆነ ምንም ብርሃን አይታየኝም,1,am,amharic_curated
Looking forward to the weekend with my family,0,en,english_curated
ጓደኞቼ ጋ ሄጄ ደስ ብሎኝ ተመለስሁ,0,am,amharic_curated
I am so tired of existing I just want it to stop,1,en,english_curated
Just finished my exams feeling relieved and proud,0,en,english_curated
I am thinking about suicide I cannot stop,1,en,english_curated
I am done with everything goodbye,1,en,english_curated
There is no hope left for me,1,en,english_curated
ቤቴ ሲያምረኝ ቁጭ ብዬ እቅዴ አቀድኩ,0,am,amharic_curated
har a bultii gaarii turte maatiin kiyya fayyaa dha,0,om,oromo_curated
ሞትን እፈልጋለሁ ህይወቴ ከቶ አታስፈልጋቸውም,1,am,amharic_curated
Things are difficult but I believe it will get better,0,en,english_curated
ቤተሰቦቼ ጋ ስሆን ደስ ይለኛል ምቾት ይሰጠኛል,0,am,amharic_curated
ምሽቱ ሲደርስ ትፈራ ቀን ሲወጣ ትፈራ,1,am,amharic_curated
abdii kutadhe maal gochuu akkan qabu hin beeku,1,om,oromo_curated
ሓዙ ሓዚ ቅሳነት ናይ ቅሳነት ዕለት,0,ti,tigrinya_curated
Life is challenging but I am managing well,0,en,english_curated
ብቸኝነቱ ቀረኝ ማንም ዘንድ ቦታ የለኝም,1,am,amharic_curated
du uun gaariidha jireenyi na dhibde,1,om,oromo_curated
ሁሉ ሰው ጥሎኝ ሄደ ቀርቼ ብቻ ሆንኩ,1,am,amharic_curated
ደስተኛ ነኝ ምክንያቱም ቤተሰቤ ጋ ነኝ,0,am,amharic_curated
ዓለም ይሕሸኒ ምፍናው,1,ti,tigrinya_curated
cunqursaa jiraadhee baayyee na rakkise,1,om,oromo_curated
nu gammanne jireenya gaarii jiraachaa jirra,0,om,oromo_curated
Everyone would be better off without me,1,en,english_curated
I just want to sleep and never wake up,1,en,english_curated
ሥራዬ ደህና ነው ወደፊት ምኞቴ ብዙ ነው,0,am,amharic_curated
nobody loves me ሰው አጣሁ I am done,1,mixed,mixed_curated
great day today ዛሬ ጥሩ ቀን ነበር feeling good,0,mixed,mixed_curated
ሕይወቴ ፍፃሜ ደረሰ ስቃዬ ብዙ ሆነ,1,am,amharic_curated
ምን ልሆን ነበር ምን ሆንኩ,1,am,amharic_curated
ቤተሰቦቼን ሸክም ሆኛቸዋለሁ,1,am,amharic_curated
ዋጋ የለኝም I am worthless nothing matters,1,mixed,mixed_curated
My health is improving day by day,0,en,english_curated
tired of everything jiruu hin barbaadu anymore,1,mixed,mixed_curated
ምሞት ዝሓሸ ካብ ምንባር ብሓሙቕ,1,ti,tigrinya_curated
wareegame ta an jedheen hawwadha,1,om,oromo_curated
My family is healthy and that makes me happy,0,en,english_curated
maal ta an akkan hin beekne nuffii dhufe,1,om,oromo_curated
I feel like a burden to everyone around me,1,en,english_curated
ሀፍረቴ ብዙ ሆነ ምን ፊት ሊሳዩ,1,am,amharic_curated
ማንም አይረዳኝም ብቻዬን ነኝ,1,am,amharic_curated
I have made a plan to hurt myself tonight,1,en,english_curated
kutadhe harkifadhee hin dandaa u,1,om,oromo_curated
I want to die I cannot take this anymore,1,en,english_curated
ulfaataa natti ta ee baayyee cabeen jira,1,om,oromo_curated
ቤተሰቤ ጥለውኝ ሄዱ ወዳጆቼ ጠፉ,1,am,amharic_curated
The pain is unbearable I cannot do this anymore,1,en,english_curated
Had a great meal with friends feeling grateful,0,en,english_curated
I went for a morning run feeling energetic,0,en,english_curated
ዕቅዴ ሠርቼ ስኬታማ ሆንኩ,0,am,amharic_curated
ስቃዩ ሲያቃጥል ማናውቅም ምን ላድርግ,1,am,amharic_curated
ከዚህ ዓለም ብሄድ ምን ያዝናናል,1,am,amharic_curated
ሕይወቴ ፍፃሜ እንዲደርስ እፈልጋለሁ,1,am,amharic_curated
I want to kill myself I have tried everything,1,en,english_curated
ሞት ሲመጣ ደስ ብሎኝ ዓይን ዘጋሁ,1,am,amharic_curated
ዛሬ ቡና ጠጣሁ ቤተሰቦቼ ደህና ናቸው,0,am,amharic_curated
ሞቼ ቢሆን ምን ይደረጋል ማንም አያዝናናም,1,am,amharic_curated
I want to disappear ከዚህ ዓለም ለሄድ I am tired,1,mixed,mixed_curated
ቤቴ ውስጥ ዘና ብዬ ፊልም ተመለከትኩ,0,am,amharic_curated
ተስፋ ቆርጫለሁ ምን ማድረግ እንዳለብኝ አላውቅም,1,am,amharic_curated
ዛሬ ጠዋት ቀደም ብዬ ሮጬ ጤናዬ ተሻሻለ,0,am,amharic_curated
jireenyi kiyya bareedina qaba yaadni kiyya milkaa a ni ta a,0,om,oromo_curated
hojiin kiyya gaariidhaan deema abdii qaba,0,om,oromo_curated
family time ቤተሰብ ጋ so peaceful and happy,0,mixed,mixed_curated
maali nu barbaadna jireenyi ulfaataa dha,1,om,oromo_curated
Life is meaningless I see no point in continuing,1,en,english_curated
ከሰዎች ተለይቻለሁ ማንም አያስፈልጋቸውም,1,am,amharic_curated
ለማንም ምንም አይደለሁም ማንም አያስፈለኝም,1,am,amharic_curated
I feel trapped with no way out,1,en,english_curated
ህይወት ከቢዳ ምፍታሕ ኣይጠፈሓናን,1,ti,tigrinya_curated
ዋጋ ዘይብሉ ፍጡር ኢየ,1,ti,tigrinya_curated
ሁሉ ነገር ከንቱ ሆነ ምንም ተስፋ የለም,1,am,amharic_curated
my pain is too much ስቃዬ ብዙ ሆነ I want out,1,mixed,mixed_curated
jiraadhee maalidha fedhii hin qabu,1,om,oromo_curated
ተስፋ ቆሪጸ ኣለኹ ምንም ኣይርኤን,1,ti,tigrinya_curated
ጽቡቕ ኣለኹ ስድራቤተይ ጥዑያ እዮም,0,ti,tigrinya_curated
ደሓን ኣለና ጽቡቕ ዕዳጋ ሓሊፈ,0,ti,tigrinya_curated
ምሸት ምሸት ብሕቱ ዝሓሸ,1,ti,tigrinya_curated
I feel so alone ብቻዬን ነኝ no one understands,1,mixed,mixed_curated
Nobody cares about me I am completely worthless,1,en,english_curated
ህይወት መረረኝ ወዴት እንደሄድ አላውቅም,1,am,amharic_curated
ከዚህ ዓለም ለሄድ ፈልጌ ቀርቻለሁ,1,am,amharic_curated
Making progress on my studies step by step,0,en,english_curated
ስቃዩ ብዙ ሆነ ልሸከም አልቻልኩም,1,am,amharic_curated
ጎሬ ቢሆን ምን ይሆናል አሁን,1,am,amharic_curated
Feeling hopeful about the changes happening in my life,0,en,english_curated
ሁሌ ብዙ ሳለቅስ ዕንባ ያለቀ ያህል,1,am,amharic_curated
ልቤ ሲፈርስ ዕዳ ያለብኝ ያህል ሆነ,1,am,amharic_curated
I am grateful for the support of my friends,0,en,english_curated
ዛሬ ደስ ያለ ቀን ነበር ለሥራ ደርሼ ፈጸምኩ,0,am,amharic_curated
working hard jiraachaa jira for a better future,0,mixed,mixed_curated
du uuf qophaa adhe jiraan kana dhiiseen deema,1,om,oromo_curated
ናብ ቤተሰብ ምኻድ ሓጎስ ዘምጽእ,0,ti,tigrinya_curated
jiruu kana jiraachuun na dhiba nuffii natti dhufe,1,om,oromo_curated
ዛሬ ምሳ ቤቴ ጣዕም ነበረ,0,am,amharic_curated
ከዚህ ዓለም ጠፍቼ ቢሆን ኑሮ ምን ልዩነት ያደርጋል,1,am,amharic_curated
ሕይወቴ ዛሬ ትቆም ዘንድ ፈለኩ,1,am,amharic_curated
ምሳዕ ጥዑም ነበረ ምስ ስድራ ኢና ኣብሊዒና,0,ti,tigrinya_curated
ናብ ጉዕዞ ሓሊፈ ባህታ ረኺበ,0,ti,tigrinya_curated
lubbu kiyya fixuu fedha abdii kutadhe,1,om,oromo_curated
ቀናት ሁሉ ተሰናብተኝ ደስታ አጣሁ,1,am,amharic_curated
ዋጋ የለኝም ምንም ጥቅም የለኝም,1,am,amharic_curated
ለምን ተፈጠርኩ ቢሆን ጥቅም አልሰጠሁም,1,am,amharic_curated
ዋጋ የብለይን ንሰባት ዘየልምድ,1,ti,tigrinya_curated
ፍርሃቱ ወጥቶ አልወጣ ፍርሃቱ ብቻ ቀረ,1,am,amharic_curated
ትምህርቴን ጨርሼ ሰርቫ ተቀበልኩ,0,am,amharic_curated
gammachuun kiyya dhabameera hojii fi jireenya irratti,1,om,oromo_curated
ዛሬ ዩኒቨርሲቲ ፈተናዬን አለፍኩ ደስ ብሎኝ,0,am,amharic_curated
ሁሉ ነገር ሰቃዬ ምክንያቴ ነኝ ራሴ,1,am,amharic_curated
Feeling motivated to work on my goals today,0,en,english_curated
hiriyyoonni kiyya waliin taphanne gammanne,0,om,oromo_curated
ምንም ትርጉም ያለው ነገር አይቀረኝም ሁሉ ጠፋ,1,am,amharic_curated
